0,1,2,3,4,5,6,7,8,9
22.48892382444307,21.994498659395617,26.991207173855575,23.610233457975685,24.33027602975641,28.9997277626399,28.920270862774924,24.62346914389464,23.732124930160904,19.945252757558166
19.75068282590192,16.67858724457357,15.954155391726301,20.947495511321403,26.689219191335823,28.010701330169105,30.0,22.35247772970156,20.706399546694517,23.121199380963617
18.130217446956063,19.90670809427459,26.872152054575597,24.489571908742416,26.855803060501604,26.48383311791403,26.512326133249005,24.52411503564024,27.3422096905376,26.7158430331683
23.376656089767955,24.512873337162056,20.580097659089603,24.37996038713319,28.960210585757306,25.846883116947346,26.738028943746254,26.539062234061934,29.12305565816535,29.373420045156735
24.825171354099567,22.760982988395977,26.02061851901861,25.32107870077192,26.063255421371814,29.102764228312097,30.0,25.564281176545315,29.315430128943603,30.0
24.1563181257,26.876061729192227,27.569581101965568,27.889800242640604,26.571064743923426,24.484948875586593,21.586589685623107,20.219356922303362,25.83257055259643,25.87522236570854
21.951511016592455,21.435541675141437,21.854839249031933,26.62274437059316,26.280472536575697,29.239415340293622,23.49105990408119,19.85570647941829,24.5724542820669,23.976420184243644
17.341093329466673,17.873808395474374,17.021421900022652,24.609097556136163,27.38468558478004,24.918432404166623,26.41554548189723,21.714499781420276,22.56726691463595,28.313526826576314
18.145071997913345,23.462978740010584,24.537819636802,19.94073155209138,23.252882674419816,27.712585701978377,26.967027053406966,28.069550966037852,29.089722263077945,27.819593998291424
20.035836651889824,19.687297820134294,19.272856454263245,25.104705561715953,25.357481041543018,26.5688864130551,22.403898434153973,22.5659110401088,24.324759439706632,23.68103164020059
23.59377169409401,23.346643336469363,26.296245297320088,20.966722933959637,20.662188215502056,24.28141295097725,26.83557789990619,29.572993222792988,30.0,26.159316864450687
19.932265151658214,22.524260297377413,21.10600421142464,22.400623447899164,22.920390931068876,26.278571066499282,30.0,30.0,26.3430742275147,29.339208175854804
19.985931942778418,23.36093764411101,28.479859573951103,27.387582343495055,28.104933778060364,27.448823305437895,26.66006354021075,27.375520017593686,29.01754619649159,27.923510581665127
20.37647357412142,24.583965113019694,23.809352899446452,25.19367854447095,27.63619321120771,28.464949324627227,30.0,30.0,27.74542166012097,30.0
18.774444651874912,22.59442820913989,24.0197959094142,24.589693879127537,24.372310593495154,27.848938356277614,28.109169430860906,21.53388185445089,23.22522755589346,20.179660242000722
24.91842996197925,23.862190157471364,26.627133433634516,29.417578792035087,27.48804054715986,24.311027739291205,25.216385044341184,28.396912165952138,30.0,29.74465409433028
19.625925578527415,26.852837319912513,24.94137414753819,25.618980346228273,24.47680112171553,28.817410737885822,27.88674639219594,30.0,29.445451671939505,28.24685608352722
22.685588733516923,23.6953854497905,28.862369401342626,30.0,27.18541913384317,28.368969563155346,29.561581006656812,30.0,29.990229801735868,30.0
19.16284078918769,20.319426424002238,20.857382354108566,21.370959234894098,23.923655586025593,27.554440895100306,24.630127140723236,20.66719555391748,16.112323548567534,23.992657356208127
18.56757966365619,24.257557630842605,27.08061062205667,27.81630063069447,27.12847932028449,27.528119283505564,26.030228501773443,28.266041663017617,27.41695228988278,20.36702417201397
21.060192321823067,23.689749632253662,25.567701310304532,24.545293064189572,27.759817212951585,23.53260135933967,24.750709592970253,23.848433612258404,27.0431541043205,24.453740647519183
15.102431282024341,21.499582251664453,24.81846788163713,26.80009459599461,23.07593472670334,21.661975365110948,23.010740353117207,20.309835437111605,21.405842970395256,24.319964881043298
18.67966397088903,25.22623321498692,29.77416330369315,30.0,30.0,28.841574392206464,28.759958070171763,24.21159088912293,24.876715954541258,26.01414906091241
17.398694893449203,16.304158008021233,18.427265766934116,18.223675437128858,19.544390092184425,23.341942783867278,30.0,23.73118002647763,26.176898328765493,27.56877034311684
23.776902884165732,27.8298528185327,24.122836723319296,25.75618479167616,24.717283930021498,22.352993713896335,28.27915434384919,28.56051151913771,25.903952259344884,28.984897339083602
24.199899273293724,21.851267988158614,23.41381281021091,22.510904094115258,25.512044448993684,23.196122400680235,23.414356430257744,25.68241687672476,27.67379718093159,24.981194082392165
17.513138056523946,19.117239632729763,25.740795999927883,29.18040724011693,25.126722401502114,23.032736136452886,27.556384175988214,26.865298088831583,30.0,28.983210629766702
16.05533806004785,21.783421710696583,23.307697324787373,27.408834415402303,27.964479194830023,26.117822691053505,25.765922726821817,26.366463411108185,30.0,28.97987699765719
23.254081677796265,30.0,30.0,30.0,29.029597150708014,28.38085914297571,27.882903981272356,27.161765239237887,28.544117010893707,27.36485382859189
24.016565096378528,22.776801465993525,25.12813441885283,26.527741853795714,25.750718966159333,22.331229925872314,25.000029311294377,22.353171395885163,22.529914896978504,25.98295399770356
23.66300051809124,28.53489478607585,24.300635790418987,23.709463098295384,21.244492853370225,22.344412821358553,21.788321577580962,23.439898659983097,29.51985935808878,28.743299165725755
23.535329446907852,25.888049964895615,27.285608133970555,24.005767584634054,20.16376771680195,22.215815329697755,25.75842121427114,25.207590859492594,24.962949159142998,23.12584306065414
18.65644991755034,24.08080328372865,25.549612274866792,27.077917169458402,28.78575807538793,29.47885897356611,30.0,24.71316067960401,22.898748269904353,23.734024655547817
17.015146555541033,23.285645717606023,22.084570741086818,23.99791065261268,28.158475754782593,27.065628987015643,26.857708352747014,27.62949247937385,28.03658084427478,24.32353494372401
19.408162564293843,22.014975403710782,23.718237696655493,27.456231375141464,24.53807243315035,26.01183917675204,27.56081345000564,29.698139219197557,25.906449330814812,24.316025198255034
18.186438466021055,20.77073472395009,21.69322367686185,26.064171849318114,28.11317474874223,29.41812027043479,28.441973492827614,26.247640626468407,29.55609001091273,26.162555578514205
23.819692109338856,23.15927035790497,23.947288788497836,24.17736706580855,29.05686134544365,27.80632574024346,26.212218915269396,28.400504973963685,25.751916428859417,22.76879501467191
23.408977762654658,24.188665927422367,23.464016826054642,24.115313847567492,22.80086985135306,25.428763084978545,26.361399901377965,30.0,30.0,28.532205594729653
18.370739528531775,21.383257258248467,23.057404787535248,24.6889546470863,21.963097981930332,21.940962982332223,18.00663695822354,22.160935251864352,25.197609454610145,25.81004800086316
16.46103009833786,17.803306093013493,24.69513478073638,25.45733976480913,21.793261726023573,20.80158529568306,24.559470562397124,27.820364354045864,26.26056681624519,23.738345964414062
17.523650325209747,22.83657464798424,23.416181412252893,22.900945218369316,25.111782880329976,21.669835496743573,22.0985222963811,18.399403943439655,22.596594101937995,30.0
17.65031096568004,15.360705146194848,18.778217685937577,18.117281080854813,19.429357544879696,25.169056010178977,25.257677961052707,28.27445977862038,25.464174290788055,26.384923163689336
24.6746507473922,24.02388805431382,22.714977440505578,25.98796751017579,26.27333673530046,26.167952364069684,24.384775221023713,24.998869931080076,26.52089415937642,29.050335875673415
16.364726040516448,19.51859351084476,22.176063923002243,26.29555283630107,28.670743427014852,30.0,29.232256175229345,30.0,25.398676763908234,22.603989619725795
24.913591542471103,23.77475787093576,30.0,28.117650706378043,25.524257993648092,26.462048281854003,26.12013531893937,25.64963661356163,30.0,27.956122205264595
22.00441017956151,27.150542404868034,23.848999381556244,28.439877944826648,23.50034384146406,29.05283456595101,25.96726479979388,24.849789970104,22.83882177304992,21.659399982405137
19.99361930962504,19.72245737469772,24.19358171996491,24.766091311544034,25.776269942373432,22.623859245103816,26.13938316752227,27.63443210461172,23.65648130795932,22.65531802943511
16.276017237470086,12.88910480955573,17.589905318681062,19.833647613747516,21.943264867266194,20.364542091624436,25.14800434716608,24.931705221428096,27.83674638306419,26.086820469430567
24.663321537761068,22.059025279133714,20.91370911940465,25.615057659361675,24.426700172888726,25.189519724345285,26.86082679477974,22.885478152259893,22.195941009409093,21.391435949243668
17.654050322834724,18.686974380156915,26.479168002334838,27.70694881999616,25.834861930113828,25.085434825381967,27.55356093802212,30.0,30.0,29.019791627690886
23.09575403063497,22.112857492292008,17.37911680779765,27.403549961355196,26.787538337563102,24.074123460313423,30.0,30.0,28.52436721357434,25.98070977951782
22.936724576293138,26.244096005305583,22.911632087395112,22.975031763489316,24.985089399863245,26.484235533912216,28.01664299236164,28.708474329431414,30.0,26.67772986822723
20.12482094735691,20.031835033063327,25.319726505937478,25.862748724551725,25.864036526088746,25.05011825872097,21.520767839201643,20.423322579670334,18.90125979966709,20.678277333038515
15.366574099546987,17.924042413256526,22.817858176984664,26.803427962880086,27.08173840250291,29.732796261747477,28.428710010426027,26.823731700557918,28.594687477456695,27.924271800982215
18.33240073751673,24.078289493666066,27.214719754243607,28.714266592024224,23.87982779007994,27.8786655818899,23.858094075930936,26.50202475849382,24.5287236724654,20.445886260323896
15.433051666644577,16.416264157211174,18.914326202461396,19.753839199767526,19.960119276831737,21.60564139914087,24.59448726537505,25.005277763051392,21.73527209400542,19.656222461988776
23.949531370407186,19.67270478497889,23.626171344819845,27.929392957220273,25.239844829070126,25.569972665678367,30.0,28.918660109271787,27.78858954836261,27.80013778358902
15.072396818599074,17.64578098118754,22.38096228920588,21.87580566829975,29.097534378354204,24.856293487444827,24.959348785794603,30.0,28.093424437911445,25.946298039399316
16.532122182988143,22.904023010312557,27.98706021316859,26.249917536261513,27.184314831214596,22.309114368229565,26.42005040187702,28.126123009850314,26.05387473676365,27.117269657030757
24.81713691369651,26.447326683079613,24.492202920581164,22.22031458241498,23.362467051520532,23.79321170783647,24.050626646720673,26.96777294209906,24.320593906385202,24.374871116351162
16.949219460102583,21.715866169047825,22.830343349371812,26.538142581399512,23.76228723079519,28.792210443953888,29.18356445615951,29.454917562414035,26.250629571795436,23.529599804658474
18.7011687616843,21.068171723148385,24.495909860318573,24.710800436497784,24.105216660021977,27.45560577432617,25.8313130878586,27.16094308713425,28.50090062294005,30.0
22.554724472342624,23.75544974795226,23.554001363138596,25.016660398915654,24.048138350839274,25.322674140324168,27.349099257590698,25.854214355548436,27.89968525660149,27.882968702961634
18.090905152003046,19.848466146187885,26.2793564247396,25.299292467021562,27.38280223788173,29.406339278194995,30.0,30.0,30.0,30.0
24.888829253470895,27.99375956583005,28.08985736709392,28.30955722958757,26.10813512373015,21.109627838557635,21.552072880888606,19.047868607738756,18.29069794409033,26.86781886216209
16.558579352447616,15.754234483816138,22.184250934177154,30.0,27.154528681568816,26.887146650165217,27.96812210505207,30.0,29.29601567440519,22.595222887519
22.851512201749955,25.617833762012275,26.290321193892527,23.639215101584533,23.495893854639803,24.03671951671322,23.766851283295185,21.587339981567354,23.44803108110687,20.40151385668552
19.613550475229566,21.41137120320965,23.79415006889316,28.59192946990716,30.0,30.0,27.368392218240473,27.826050948839644,23.085014820741932,27.425178668501708
24.902091012484313,22.16110784985226,20.742156795478564,25.531774904435586,29.448398043222355,30.0,28.63248667593104,27.29888483821082,27.876119979321707,24.801313570855818
21.37503086140779,27.858113738873755,27.164229001637878,30.0,30.0,27.848445921828585,25.652937895615597,26.79090332525567,25.838279204684603,23.34174766289838
24.55163460662648,23.883535504229013,25.9479163195194,30.0,29.05589402376255,27.660409287439954,26.280890943370537,27.27500489024726,29.50063070465944,29.59773176730588
18.066842235929272,17.714314035458756,18.854631309960354,21.594760427956032,24.70189484416499,28.061746947429583,23.310951434383384,26.10866596348935,25.04227564883684,18.75510378696148
21.59578579403662,24.112339530430486,24.94460772743848,20.60227706446279,20.111843702380416,18.98877563324903,22.360619382927055,24.170681653163136,30.0,29.330556976746703
18.831572574246955,23.240972909022215,29.140058205774675,25.274952149777675,23.30237650252446,25.543669986912132,26.933381554626717,26.33397501559161,23.593081342703336,23.99265845821793
22.94649335475695,27.022217651333992,29.49273008225428,30.0,30.0,25.942493122284695,26.49107040286942,28.532591987918625,27.4580126261569,27.549413537859724
19.910551373980223,21.828739148566243,17.242690160483914,23.906350364921252,24.873579342985092,26.226629609028652,26.742361125801224,24.992841454436437,24.15129706064296,24.119799611711976
21.828413188756883,27.245672751015377,26.648882692921383,30.0,30.0,28.437668060929322,29.755338277274447,30.0,22.384792589920295,25.969567555047252
21.891403410100345,20.437454653920653,21.97484343900183,17.98893085225975,17.368255251911176,21.39534519686958,22.128531059430248,23.02202162057693,26.137344394340076,26.7029688170347
21.0814847255769,21.4747520478014,22.025183335218113,22.42163739095323,20.9313622286836,20.595987902517546,18.37257432876725,17.981266354046447,23.072230153408206,25.88217756523513
23.261573391925175,26.89445459352782,26.056711676128362,27.31216633141793,27.558905073909266,30.0,30.0,25.995442156990123,28.15977364999535,29.117319007245733
19.297758637628394,21.566508906023756,21.074048666332757,18.847413133142865,23.764223685313205,23.17923253323814,22.92059304322389,25.36820029944021,25.128773043231973,29.301356992885108
21.514829015421885,21.815476642588855,22.080738365981944,22.563053625009545,25.670807146367103,23.646472479509452,23.955164668488454,22.466977868080942,24.291522338344627,23.344806779137738
23.6074196052451,25.699592690513988,25.34526201937199,27.312600392857064,26.670973122665902,24.48629442943699,28.592695257932093,30.0,29.422314051292634,26.463347301081953
17.7098014209436,20.010414652377396,21.9371427903082,20.30535571433308,25.04302317944432,26.664714235954694,23.826226630899207,23.908082150621855,25.68563394796197,26.552626215491205
24.531772108727353,24.228204718087948,19.658656906143797,22.805647356579403,19.936646086096555,24.425705475678015,25.58801254978109,22.42341093836006,21.568003851837716,22.915546638642418
24.9221467705823,27.537651218593613,26.230454802137718,25.621692999518288,27.432487162683785,26.321334904802363,27.868113357058487,27.079056908613715,22.426837324761006,23.702566177864973
19.069638974606207,20.230113470830247,18.61857130101291,22.59275065870103,21.047319045768088,19.956986952855853,21.29485720718174,22.147129111865546,17.262706746719942,19.773569215980505
20.956930283623148,23.57538063011095,24.43972105498943,22.207905716655485,25.657777783923336,26.557684791995474,24.347165479261907,19.504591456869527,20.411079868433596,20.63831685256661
16.29046802762381,17.166333383103705,20.762357086560193,16.616248805756126,17.972867852531998,24.10234763249374,27.84944264987141,25.148087012402755,30.0,27.890279513821955
19.3370871717569,22.85458917443114,19.269880572478627,18.59783930161421,23.60421454293021,24.992523784243573,26.459455345223628,24.168982191194424,26.33352305710686,28.759979366372935
23.911123540598602,23.630255374248428,26.66733955983173,29.40055502281469,27.31564916752208,28.82064921644342,25.420004715952228,24.653874334316704,25.553388131590236,23.538949311579316
15.006657130725692,22.844570627512272,20.6788756992164,19.73367614888234,22.636692393967355,22.36652533242381,26.082083217391194,29.344928048778037,26.52853735869713,26.685220735258795
24.593585414106883,26.98422158431933,23.69517037361684,30.0,26.086044859495235,25.72229311491523,25.100317475835404,28.10012189153599,28.145761130782386,26.641871513921643
22.3946492122165,17.640088688011907,18.86896664390288,27.781820335033434,25.178448311998732,25.931603902409826,30.0,30.0,30.0,30.0
19.929933851095914,19.244027645362436,19.60345455546361,22.94765758040776,26.31154210909532,26.30689303267943,27.265773036349994,22.30668156280256,23.0069534529158,22.05856411206664
15.982292466226038,22.8020063614268,26.055739149867158,23.275720758516183,21.379526068574222,20.91276395140663,21.35591843277178,20.410595259767145,19.25643679008502,20.670979573681873
20.72387411531171,21.111216401839464,23.39546168531709,24.5403706995226,22.15009858370423,26.80838983376209,25.773683520044866,26.66545363220255,28.006474847081574,25.672267003722624
22.557723081387742,25.356624230837507,26.931416373610112,29.539372834740124,30.0,30.0,26.786691924578207,30.0,30.0,28.71375034625122
19.947034542719745,20.475234969818178,18.230434041029635,19.128898011221384,21.92017388981827,21.82264448473267,20.637355075345948,19.407650682851802,19.77938622761022,21.53714704869579
19.270574683239627,19.578690613127403,26.910851203147086,28.043060615231077,21.523790430755888,23.3189164421437,23.492903208887366,26.230330941793326,24.315371277324484,22.923027858400392
